Name,City,State,Address,Zip Code,Contact Phone Number,Contact Name,Business phone number
Bricks,Wrenshall,MN,,,,,
The Landing,Two Harbors,MN,,,,,
Two Harbors Legion,Two Harbors,MN,,,,,
Two Harbors Moose,Two Harbors,MN,,,,,
Bird's Bar,Superior,WI,,,,,
El Dorado,Oliver,WI,,,,,
Izzys,Superior,WI,,,,,
Strikers,Superior,WI,,,,,
Superior Eagles,Superior,WI,,,,,
Superior Korner Store,Superior,WI,,,,,
The Shack,Superior,WI,,,,,
Tower Ave Tavern,Superior,WI,,,,,
Caywood Country Store,Saginaw,MN,,,,,
Northwoods Meat,Remer,MN,,,,,
Remer,Remer,MN,,,,,
Remer Liquor Store,Remer,MN,,,,,
Powerhouse,Proctor,MN,,,,,
Proctor Keyboard,Proctor,MN,,,,,
Proctor Moose,Proctor,MN,,,,,
Norman's,Orr,MN,,,,,
Orr Muni,Orr,MN,,,,,
Pelican Bay Foods,Orr,MN,,,,,
T Patton's,Orr,MN,,,,,
Wizards,Nashauwauk,MN,,,,,
Mahtowa Tavern,Mahtowa,MN,,,,,
TJ's,Mahtowa,MN,,,,,
Knuckleheads,Hill City,MN,,,,,
Hermantown Korner Store,Hermantown,MN,,,,,
Grand Rapids Eagles,Grand Rapids,MN,,,,,
Hotel Rapids,Grand Rapids,MN,,,,,
IM Hotel,Grand Rapids,MN,,,,,
S&S Meats,Grand Rapids,MN,,,,,
Larry's Service,Floodwood,MN,,,,,
Alpine Bar,Duluth,MN,,,,,
Bergeys,Duluth,MN,,,,,
Blue Max,Duluth,MN,,,,,
Chalstroms,Duluth,MN,,,,,
Duluth Korner Store 000,Duluth,MN,,,,,
Duluth Korner Store 700,Duluth,MN,,,,,
Hi Banks,Duluth,MN,,,,,
Kom On Inn,Duluth,MN,,,,,
Lake Walk Pharmacy,Duluth,MN,,,,,
Mr D's,Duluth,MN,,,,,
Northland Pharmacy,Duluth,MN,,,,,
Roscoes,Duluth,MN,,,,,
Round Up,Duluth,MN,,,,,
RT Quinlans,Duluth,MN,,,,,
Rustic Bar,Duluth,MN,,,,,
Snyders,Duluth,MN,,,,,
Tappa Keg,Duluth,MN,,,,,
Blueberry Bowl,Deer River,MN,,,,,
Cromwell Liquor,Cromwell,MN,,,,,
Cook Muni Bar,Cook,MN,,,,,
Last Chance Liquor,Cook,MN,,,,,
Four Seasons Meat,Coleraine,MN,,,,,
Locker Room,Coleraine,MN,,,,,
B&B Market,Cloquet,MN,,,,,
River Inn,Cloquet,MN,,,,,
The Jack,Cloquet,MN,,,,,
Chisholm Vaughn,Chisholm,MN,,,,,
Chisholm Korner Store,Chisholm,MN,,,,,
Tom & Jerry's,Chisholm,MN,,,,,
Valentini's,Chisholm,MN,,,,,
3rd Base,Carlton,MN,,,,,
Carlton VFW,Carlton,MN,,,,,
Carlton Meat,Carlton,MN,,,,,
Country Corner,Brookston Legion,MN,,,,,
Barnum Liquor,Barnum,MN,,,,,
